case_id,turn_number,speaker,content,is_issue,scenario,model,resolution_status
DeepSeek_case_2,1,客服,您好，欢迎联系XX电商客服中心，我是客服小李，请问有什么可以帮助您的吗？,False,订单状态查询,DeepSeek,未开始
DeepSeek_case_2,2,客户,你好，我想查询一下我的订单状态，订单号是20231015001,True,订单状态查询,DeepSeek,问题识别中
DeepSeek_case_2,3,客服,好的，我马上为您查询订单20231015001的状态，请稍等片刻,False,订单状态查询,DeepSeek,处理中
DeepSeek_case_2,4,客服,查询到您的订单目前显示为'已发货'状态，物流公司是顺丰速运，运单号是SF1234567890,False,订单状态查询,DeepSeek,信息提供中
DeepSeek_case_2,5,客户,但是我查看物流信息，显示包裹在转运中心已经停留3天了，一直没有更新，这是怎么回事？,True,订单状态查询,DeepSeek,问题识别中
DeepSeek_case_2,6,客服,我理解您的担忧，让我详细查看一下物流轨迹信息,False,订单状态查询,DeepSeek,处理中
DeepSeek_case_2,7,客服,确实，我看到包裹在XX转运中心从10月15日开始就没有更新了，这种情况通常有几个可能原因,True,订单状态查询,DeepSeek,问题分析中
DeepSeek_case_2,8,客户,都有哪些可能原因呢？我比较着急用这个商品,True,订单状态查询,DeepSeek,问题深化
DeepSeek_case_2,9,客服,可能是物流高峰期导致积压，或者包裹在扫描时出现了遗漏，也有可能是转运中心遇到特殊情况,False,订单状态查询,DeepSeek,原因分析
DeepSeek_case_2,10,客服,我现在立即联系物流公司核实具体情况，请您提供一下收货人的姓名和手机号后四位，我需要确认身份信息,False,订单状态查询,DeepSeek,解决方案提出
DeepSeek_case_2,11,客户,收货人张明，手机尾号6789,False,订单状态查询,DeepSeek,信息确认
DeepSeek_case_2,12,客服,信息确认正确，我现在通过内部渠道联系顺丰客服，请稍等5-10分钟,False,订单状态查询,DeepSeek,处理中
DeepSeek_case_2,13,客服,已经联系上顺丰客服，他们确认包裹确实在XX转运中心，由于近期双十一预售活动，包裹量激增导致处理延迟,False,订单状态查询,DeepSeek,问题确认
DeepSeek_case_2,14,客户,那大概还需要多久才能收到呢？我下周要出差，担心收不到包裹,True,订单状态查询,DeepSeek,新问题提出
DeepSeek_case_2,15,客服,顺丰方面表示预计明天开始分拣派送，正常情况下2-3天内可以送达,False,订单状态查询,DeepSeek,时间预估
DeepSeek_case_2,16,客服,考虑到您要出差的情况，我建议可以采取几个方案：1. 联系家人或邻居代收 2. 申请更改派送时间 3. 如果急需，我们可以为您安排紧急处理,False,订单状态查询,DeepSeek,解决方案提供
DeepSeek_case_2,17,客户,紧急处理具体是怎么操作？需要额外费用吗？,True,订单状态查询,DeepSeek,方案询问
DeepSeek_case_2,18,客服,紧急处理是我们通过特殊渠道联系物流优先派送，由于是物流方原因造成的延迟，不需要您承担额外费用,False,订单状态查询,DeepSeek,方案说明
DeepSeek_case_2,19,客户,那太好了，请帮我申请紧急处理吧,False,订单状态查询,DeepSeek,方案确认
DeepSeek_case_2,20,客服,好的，立即为您提交紧急处理申请，请稍等,False,订单状态查询,DeepSeek,处理中
DeepSeek_case_2,21,客服,申请已提交成功，系统显示预计24小时内会有处理结果，我们会优先安排您的包裹派送,False,订单状态查询,DeepSeek,申请完成
DeepSeek_case_2,22,客户,那我需要做什么吗？还是等着就可以了？,True,订单状态查询,DeepSeek,后续步骤询问
DeepSeek_case_2,23,客服,您不需要额外操作，我们会全程跟进。同时，我为您开通了专属客服通道，有任何更新会第一时间短信通知您,False,订单状态查询,DeepSeek,服务说明
DeepSeek_case_2,24,客服,另外，我为您申请了50元优惠券作为补偿，已经发放到您的账户，可以在下次购物时使用,False,订单状态查询,DeepSeek,补偿措施
DeepSeek_case_2,25,客户,谢谢，这个处理我很满意。那我现在就等着包裹更新信息对吗？,False,订单状态查询,DeepSeek,确认理解
DeepSeek_case_2,26,客服,是的，请您保持手机畅通。我也会在明天上午10点前主动联系您，告知处理进展,False,订单状态查询,DeepSeek,跟进承诺
DeepSeek_case_2,27,客户,好的，那我就放心了。谢谢你的帮助,False,订单状态查询,DeepSeek,客户满意
DeepSeek_case_2,28,客服,不客气，这是我们应该做的。为了确保服务质量，请您对本次服务进行评价。祝您生活愉快！,False,订单状态查询,DeepSeek,服务结束
DeepSeek_case_2,29,客服,【第二天跟进】您好，我是昨天为您处理订单问题的客服小李，现在向您汇报最新进展,False,订单状态查询,DeepSeek,主动跟进
DeepSeek_case_2,30,客户,你好，我正想联系你们呢，物流信息更新了吗？,True,订单状态查询,DeepSeek,状态询问
DeepSeek_case_2,31,客服,是的，刚刚查询到您的包裹已经在今天早上8点离开转运中心，目前正在派送途中,False,订单状态查询,DeepSeek,进展汇报
DeepSeek_case_2,32,客户,太好了！那预计今天能送到吗？,True,订单状态查询,DeepSeek,时间确认
DeepSeek_case_2,33,客服,根据物流信息显示，预计今天下午2-5点之间送达，派送员会提前30分钟电话联系您,False,订单状态查询,DeepSeek,详细说明
DeepSeek_case_2,34,客户,好的，我会注意接听电话。你们的跟进服务很及时，点赞,False,订单状态查询,DeepSeek,正面反馈
DeepSeek_case_2,35,客服,感谢您的认可！我会继续关注您的包裹状态，直到您顺利收到商品为止,False,订单状态查询,DeepSeek,持续服务
DeepSeek_case_2,36,客服,【下午跟进】您好，系统显示您的包裹已在下午3:20签收，请问您收到了吗？,False,订单状态查询,DeepSeek,最终确认
DeepSeek_case_2,37,客户,收到了，刚刚拿到包裹，商品完好无损，非常感谢你们的帮助,False,订单状态查询,DeepSeek,问题解决
DeepSeek_case_2,38,客服,很高兴能为您解决问题。如果您在使用商品过程中有任何问题，随时联系我们。祝您购物愉快！,False,订单状态查询,DeepSeek,服务闭环
